<?xml version="1.0" encoding="UTF-8"?>
<project-private xmlns="http://www.netbeans.org/ns/project-private/1">
    <editor-bookmarks xmlns="http://www.netbeans.org/ns/editor-bookmarks/2" lastBookmarkId="0"/>
    <open-files xmlns="http://www.netbeans.org/ns/projectui-open-files/2">
        <group>
            <file>file:/D:/Xampp/htdocs/online_exam/admin/index.php</file>
            <file>file:/D:/Xampp/htdocs/online_exam/config/config.php</file>
            <file>file:/D:/Xampp/htdocs/online_exam/start_test.php</file>
            <file>file:/D:/Xampp/htdocs/online_exam/admin/databaser.php</file>
            <file>file:/D:/Xampp/htdocs/online_exam/db/db_exam.sql</file>
            <file>file:/D:/Xampp/htdocs/online_exam/admin/timer.php</file>
            <file>file:/D:/Xampp/htdocs/online_exam/exam.php</file>
            <file>file:/D:/Xampp/htdocs/online_exam/test.php</file>
            <file>file:/D:/Xampp/htdocs/online_exam/index.php</file>
            <file>file:/D:/Xampp/htdocs/online_exam/lib/Database.php</file>
        </group>
    </open-files>
</project-private>
